{
   "Afghanistan":[
      66.2385139,
      33.7680065
   ],
   "Albania":[
      19.9999619,
      41.000028
   ],
   "Algeria":[
      2.9999825,
      28.0000272
   ],
   "Angola":[
      17.5691241,
      -11.8775768
   ],
   "Anguilla":[
      -63.0750234,
      18.1954947
   ],
   "Antigua and Barbuda":[
      -61.9554608,
      17.2234721
   ],
   "Argentina":[
      -64.9672817,
      -34.9964963
   ],
   "Armenia":[
      44.6736646,
      40.7696272
   ],
   "Aruba":[
      -69.9618475,
      12.5013629
   ],
   "Australia":[
      134.755,
      -24.7761086
   ],
   "Austria":[
      13.199959,
      47.2000338
   ],
   "Azerbaijan":[
      47.7872508,
      40.3936294
   ],
   "Bahamas":[
      -78.0000547,
      24.7736546
   ],
   "Bahrain":[
      50.5344606,
      26.1551249
   ],
   "Bangladesh":[
      90.2932426,
      24.4768783
   ],
   "Barbados":[
      -59.5250305,
      13.1500331
   ],
   "Belarus":[
      27.6971358,
      53.4250605
   ],
   "Belgium":[
      4.6667145,
      50.6402809
   ],
   "Belize":[
      -88.7600927,
      16.8259793
   ],
   "Benin":[
      2.2584408,
      9.5293472
   ],
   "Bermuda":[
      -64.7603583,
      32.3018217
   ],
   "Bhutan":[
      90.5119273,
      27.549511
   ],
   "Bolivia":[
      -64.9912286,
      -17.0568696
   ],
   "Bosnia and Herzegovina":[
      17.5961467,
      44.3053476
   ],
   "Botswana":[
      24.5928742,
      -23.1681782
   ],
   "Brazil":[
      -53.2,
      -10.3333333
   ],
   "British Virgin Islands":[
      -64.5661642,
      18.4024395
   ],
   "Brunei":[
      114.5653908,
      4.4137155
   ],
   "Bulgaria":[
      25.4856617,
      42.6073975
   ],
   "Burkina Faso":[
      -1.6880314,
      12.0753083
   ],
   "Burundi":[
      29.8870575,
      -3.3634357
   ],
   "Cambodia":[
      104.869423,
      13.5066394
   ],
   "Cameroon":[
      13.1535811,
      4.6125522
   ],
   "Canada":[
      -107.9917071,
      61.0666922
   ],
   "Cape Verde":[
      -24.0083947,
      16.0000552
   ],
   "Cayman Islands":[
      -80.5667132,
      19.5417212
   ],
   "Central African Republic":[
      19.9981227,
      7.0323598
   ],
   "Chad":[
      19.0156172,
      15.6134137
   ],
   "Chile":[
      -71.3187697,
      -31.7613365
   ],
   "China":[
      104.999927,
      35.000074
   ],
   "Colombia":[
      -73.783892,
      2.8894434
   ],
   "Comoros":[
      44.2832964,
      -12.2045176
   ],
   "Congo":[
      15.6419155,
      -0.7264327
   ],
   "Cook Islands":[
      -160.3554851,
      -16.0492781
   ],
   "Costa Rica":[
      -84.0739102,
      10.2735633
   ],
   "Croatia":[
      17.0118954,
      45.5643442
   ],
   "Cuba":[
      -80.8328748,
      23.0131338
   ],
   "Cyprus":[
      33.1451285,
      34.9823018
   ],
   "Czechia":[
      15.4749544,
      49.8167003
   ],
   "Democratic Republic of the Congo":[
      23.8222636,
      -2.9814344
   ],
   "Denmark":[
      10.3333283,
      55.670249
   ],
   "Djibouti":[
      42.8453061,
      11.8145966
   ],
   "Dominica":[
      -70.3028026,
      19.0974031
   ],
   "Dominican Republic":[
      -70.3028026,
      19.0974031
   ],
   "Ecuador":[
      -79.3666965,
      -1.3397668
   ],
   "Egypt":[
      29.2675469,
      26.2540493
   ],
   "El Salvador":[
      -88.9140683,
      13.8000382
   ],
   "Equatorial Guinea":[
      10.5170357,
      1.613172
   ],
   "Eritrea":[
      37.9999668,
      15.9500319
   ],
   "Estonia":[
      25.3319078,
      58.7523778
   ],
   "Eswatini":[
      31.3991317,
      -26.5624806
   ],
   "Ethiopia":[
      38.6521203,
      10.2116702
   ],
   "Falkland Islands":[
      -59.5500387,
      -51.9666424
   ],
   "Faroes":[
      -7.0322972,
      62.0448724
   ],
   "Fiji":[
      179.0122737,
      -18.1239696
   ],
   "Finland":[
      25.9209164,
      63.2467777
   ],
   "France and Monaco":[
      5.5307301,
      47.9965406
   ],
   "French Guiana":[
      -52.999998,
      4.0039882
   ],
   "French Polynesia":[
      -146.0490931059517,
      -16.03442485
   ],
   "Gabon":[
      11.6899699,
      -0.8999695
   ],
   "Georgia":[
      -83.1137366,
      32.3293809
   ],
   "Germany":[
      10.4234469,
      51.0834196
   ],
   "Ghana":[
      -1.0800271,
      8.0300284
   ],
   "Gibraltar":[
      -5.3541295,
      36.140807
   ],
   "Greece":[
      21.9877132,
      38.9953683
   ],
   "Greenland":[
      -42.8125967,
      77.6192349
   ],
   "Grenada":[
      -61.6904045,
      12.1360374
   ],
   "Guadeloupe":[
      -61.5650444,
      16.2490067
   ],
   "Guatemala":[
      -89.8988087,
      15.6356088
   ],
   "Guinea":[
      -10.7083587,
      10.7226226
   ],
   "Guinea-Bissau":[
      -14.9000214,
      12.100035
   ],
   "Guyana":[
      -58.6416891,
      4.8417097
   ],
   "Haiti":[
      -72.3570972,
      19.1399952
   ],
   "Honduras":[
      -86.0755145,
      15.2572432
   ],
   "Hong Kong":[
      114.1628131,
      22.2793278
   ],
   "Hungary":[
      19.5060937,
      47.1817585
   ],
   "Iceland":[
      -18.1059013,
      64.9841821
   ],
   "India":[
      78.6677428,
      22.3511148
   ],
   "Indonesia":[
      117.8902853,
      -2.4833826
   ],
   "International Aviation":[
      121.0013835863989,
      14.520641300000001
   ],
   "International Shipping":[
      32.65141994960487,
      0.2927653
   ],
   "Iran":[
      54.5643516,
      32.6475314
   ],
   "Iraq":[
      44.1749775,
      33.0955793
   ],
   "Ireland":[
      -7.9794599,
      52.865196
   ],
   "Israel and Palestine, State of":[
      35.27386547291496,
      31.94696655
   ],
   "Jamaica":[
      -77.1598454610168,
      18.1152958
   ],
   "Japan":[
      139.2394179,
      36.5748441
   ],
   "Jordan":[
      36.941628,
      31.1667049
   ],
   "Kazakhstan":[
      65.2093197,
      47.2286086
   ],
   "Kenya":[
      38.4313975,
      1.4419683
   ],
   "Kiribati":[
      173.664834025,
      0.306
   ],
   "Kuwait":[
      47.4979476,
      29.2733964
   ],
   "Kyrgyzstan":[
      74.724091,
      41.5089324
   ],
   "Laos":[
      103.378253,
      20.0171109
   ],
   "Latvia":[
      24.7537645,
      56.8406494
   ],
   "Lebanon":[
      35.843409,
      33.8750629
   ],
   "Lesotho":[
      28.3350193,
      -29.6039267
   ],
   "Liberia":[
      -9.3658524,
      5.7499721
   ],
   "Libya":[
      18.1236723,
      26.8234472
   ],
   "Lithuania":[
      23.7499997,
      55.3500003
   ],
   "Luxembourg":[
      6.1296751,
      49.8158683
   ],
   "Macao":[
      113.5514142,
      22.1757605
   ],
   "Madagascar":[
      46.4416422,
      -18.9249604
   ],
   "Malawi":[
      33.9301963,
      -13.2687204
   ],
   "Malaysia":[
      102.2656823,
      4.5693754
   ],
   "Maldives":[
      73.3287853,
      4.7064352
   ],
   "Mali":[
      -2.2900239,
      16.3700359
   ],
   "Malta":[
      14.4476911,
      35.8885993
   ],
   "Martinique":[
      -60.9620777,
      14.6113732
   ],
   "Mauritania":[
      -9.2399263,
      20.2540382
   ],
   "Mauritius":[
      57.5703566,
      -20.2759451
   ],
   "Mexico":[
      -99.1331785,
      19.4326296
   ],
   "Moldova":[
      28.5670941,
      47.2879608
   ],
   "Mongolia":[
      103.8499736,
      46.8250388
   ],
   "Morocco":[
      -7.3362482,
      31.1728205
   ],
   "Mozambique":[
      34.9144977,
      -19.302233
   ],
   "Myanmar/Burma":[
      95.9999652,
      17.1750495
   ],
   "Namibia":[
      17.3231107,
      -23.2335499
   ],
   "Nepal":[
      84.0917139,
      28.1083929
   ],
   "Netherlands":[
      5.7480821,
      52.5001698
   ],
   "New Caledonia":[
      164.55660583077983,
      -20.454288599999998
   ],
   "New Zealand":[
      172.8344077,
      -41.5000831
   ],
   "Nicaragua":[
      -85.2936911,
      12.6090157
   ],
   "Niger":[
      9.3238432,
      17.7356214
   ],
   "Nigeria":[
      7.9999721,
      9.6000359
   ],
   "North Korea":[
      127.0870417,
      40.3736611
   ],